,review,sent_hc_7,sent_openai_zero_shot,sent_openai_fewshot1,sent_openai_zeroshot
2399,"Peter Vogts 700-Seiten-Mammutwerk über den Kontingenzbegriff hat Rezensent Oliver Müller sichtlich beeindruckt. Die Habilitationsschrift des Historiker bietet in den Augen des Rezensenten eine umfassende Erkundung der Ideen- und Begriffsgeschichte der Kontingenz aus verschiedenen Perspektiven. Neben der Diskussion der Kontingenz, also des Zufälligen, Schicksalhaften, Unverfügbaren, bei Aristoteles und in der Philosophie des Mittelalters unterstreicht Müller die Auseinandersetzung mit Philosophen und Soziologen wie Richard Rorty, Odo Marquard und Hermann Lübbe. Sicher, die Schlussfolgerungen, zu denen Vogt letztendlich kommt, hätte man vielleicht auch auf kürzerem Weg erreichen können. Aber, so hebt der Rezensent hervor, erst an der Fülle des Materials, das Vogt untersucht, zeigt sich der Facettenreichtum seiner Reflexion über Konzigenz.",6,2,6,2
2455,"Einfach nur schrecklich findet Rezensentin Katharina Döbler Durs Grünbeins Poem zur Zerstörung Dresdens, für das er das Bild des Porzellans für ihren Geschmack reichlich überstrapaziert. ""Schönheit und Zerbrechlichkeit, Hybris und Untergang"" werden so unerbittlich zusammengereimt, dass die Rezensentin sich gelegentlich an die ""Kalauer eines blödelnden Fernseh-Entainers"" erinnert fühlt (""Von der bella ante bellum - nichts mehr da""). Meist aber sind ihr Bilder und Reimschema einfach zu bieder. Und das ""altväterliche, offen patriarchalische Frauenbild"" findet sie ebenfalls recht unzeitgemäß. Fragwürdig schließlich kommt ihr vor, was Grünbein daraus folgert, dass die Frauenkirche nach der Bombardierung noch einige Tage stand, bevor sie zusammenbrach: ""so wie sie die Haltung wahren.""",1,7,1,7
5047,"Die Beschäftigung mit dem Dritten Reich ist ""kein Ruhmesblatt der deutschen Zeitgeschichtsschreibung"", meint Volker Ullrich. Insofern lobt er die Untersuchung als wichtige Arbeit, da sie aufdeckt, wie schwer sich viele Historiker immer noch im Umgang mit den Ursachen der NS-Herrschaft tun. Berg zeige, wie nach Kriegsende vor allem die eigene Opferrolle betont wurde. Besonders das Münchner Institut für Zeitgeschichte und sein langjähriger Direktor Martin Broszat werden von ihm kritisiert. Hier prophezeit der Rezensent, dass Bergs Buch noch heftigen Streit auslösen wird. Manche seiner Urteile seien indes zu hart, da sich die Historiografie zum Holocaust nicht ""als reine Defizitgeschichte schreiben"" ließe. So griffe sein Vorwurf an die 68er nicht, dass sie durch ihren ""inflationäre Faschismus-Begriff"" eine zweite Verdrängung bewirkt hätten. Ein weiteres ""großes Verdienst"" des Buches ist jedoch die Erinnerung an den jüdischen Publizisten Josef Wulf, der bisher nicht genug gewürdigt wird, wie Ullrich findet.",4,6,6,6
5250,"Kulturkritische Intelligenz und eine ""merkwürdige"" Klugheit attestiert Lorenz Jäger Barbara Bongartz angesichts ihrer Erzählung ""Topmodel"". Die macht er im heimlichen ""Subtext"" des Buchs aus, das den Modelwahn als ""Krieg"" inszeniert und an entsprechende Rhetorik anknüpft, wie der Rezensent herausstreicht. Wie eine Reportage komme das Buch zunächst daher, in der die Autorin nicht an hämischer Kritik an Heidi Klums sprachlichem Unvermögen spart. Den zweiten, mit ""Lilli"" überschriebenen Teil, der so etwas wie eine Model-Casting-Show-Karikatur darstellt, findet er zwar allzu überzogen und deshalb weniger gelungen. Dafür hat er sich dann von dem geradezu antike Größe ausstrahlendem Triumph einer russischen Anwärterin auf den Titel von ""Germany's Next Topmodel"" faszinieren lassen.",4,4,6,4
3400,"Als Meisterwerk vollendeter Selbstironie feiert Paul Jandl den jüngsten Roman von Thomas Glavinic, der hier nach seinem äußerst düsteren Buch ""Arbeit der Nacht"" nun ein urkomisches, dabei aber tiefgründiges und geradezu philosophisches Buch vorgelegt hat. Es handelt vom fiktionalen Schriftsteller Thomas Glavinic, der im Spannungsfeld von Familie, eingebildeten Krankheiten und Versagensängsten seiner Schriftstellerexistenz nachgeht. Auch wenn hier zahlreiche bekannte Figuren aus dem literarischen Leben auftreten, ist dieser Roman keine Satire des Literaturbetriebs und man sollte ihn auch nicht als Schlüsselroman lesen, betont der Rezensent. Man könnte die Berichte aus dem Leben eines depressiven, hypochondrischen Schriftstellers ""banal"" finden, wäre da nicht Glavinics Talent fürs Komische und seine Fähigkeit, noch in den alltäglichsten Szenen das ""Dämonische"" herauszuarbeiten, preist der Rezensent. Dieser nach allen Regeln der Kunst geschriebene ""Unterhaltungsroman"" beweist so immer wieder seine ""solide Abgründigkeit"", und auch wenn dieses Buch wohl im Gesamtwerk des österreichischen Autors eher eine Ausnahme bleiben wird, wie Jandl vermutet, stößt sie bei ihm auf viel Beifall.",7,4,7,4
762,"Völlig begeistert ist Ilona Lehnert von Uwe Schultz' ""Madame de Pompadour oder Die Liebe an der Macht"", eine Biografie der Mätresse Ludwigs XV. Die Rezensentin ist fasziniert, wie es Schultz gelingt, aus diesem hochpolitischen Sujet ein Lesevergnügen zu bereiten, in dem ""neben seiner bürgerlichen 'Heldin' auch deren politische Wegbegleiter, ihre Günstlinge und Feinde in den Erzählstrang"" eingeflochten werden. Jeanne-Antoinette Poisson, wie die 1721 geborene Pompadour  mit bürgerlichem Namen hieß, hat ihre Karriere sorgfältig geplant und mittels der Verführung schnell erreicht. ""Ob die über Nacht zur mächtigsten Frau Frankreichs avancierte Vierundzwanzigjährige erkannte, wie eminent politisch, wie gewinnorientiert und im höchsten Maße staatsgefährdend diese Protektion war, darf bezweifelt werden, schreibt Lehnert. In Frankreich ist die Mätresse verhasst, weil sie sich von 1750 an in die Politik einmischte und so ungewollt dazu bei trug, die Hegemonie der ihr verhassten Engländer zu stärken und Preußens Aufstieg zu begünstigen. Lehnert fragt sich, ob Uwe Schultz jüngste Biografie der Madame de Pompadour, dazu beitragen könnte, dass sich auch die Franzosen der späten Rehabilitation der verhassten Mätresse Ludwigs XV. anschließen.",7,6,7,6
1441,"Zwiegespalten reagiert Helmut Böttiger auf Uwe Tellkamps Roman über den Terror von rechts. ""So grob zubehauen die Inhalte sind, so raffiniert ist die Form."" Die Handlung, in der eine elitäre Gruppe die Demokratie beseitigen will, um eine Art ""Kastengesellschaft von Geistesaristokraten"" einzuführen, kann den Rezensenten nicht gerade vom Hocker hauen. Auf ihn wirkt das einerseits zu ""trivial"", andererseits zu ""gewollt"". Tellkamp erinnert ihn in der ""Mischung aus Politik-Wut und Melodram"" an Fassbinder, allerdings ohne dessen anarchische Komponente. Der Stil allerdings gefällt Böttiger ganz außerordentlich. Der andauernde Perspektivwechsel, manchmal ""mitten im Satz"", lässt ihn an Reinhard Jirgl denken. Und Tellkamp könne ""suggestiv"" schreiben, also Bilder finden, ""die ein zeitgenössiches Grundgefühl in Szene setzen"". Leider übertrage sich diese ""unbändige Sprache"" nicht auf den Inhalt, beklagt er und wartet auf einen neuen Roman Tellkamps, dann hoffentlich ""aus einem Guss"".",3,6,4,6
3467,"Rezensentin Christine Regus mochte dieses Buch, das, wie sie schreibt, die Geschichten von vier Freundinnen kunstvoll verflicht. Denn es gehe um die ewig aktuelle Frage, wie und wo man das Leben findet, das man leben möchte: verhandelt eben, ""postfeministisch zugespitzt"" an vier Frauen, und deren Probleme zwischen Partnerwahl und Familiengründung. Das kommt manchmal für den Geschmack der Kritikerin arg detailverliebt und auch klischeehaft daher, weshalb ihr beim Lesen gelegentlich die Frage durch den Kopf geht, ""ob diese Frauen wirklich nichts anderes beschäftigt"". Doch weil die Autorin dem Leser die Orientierungslosigkeit ihrer Figuren so unmittelbar zumutet, nimmt alles schließlich eine Wendung ins Bedrohliche, schlägt das zunächst so unscheinbare Buch doch literarische Funken.",5,6,6,6
935,"Teuflisch brillant findet Tobias Schwartz Michail Bulgakows Kurzroman über Professor Pfirsichow und die roten Wachstumsstrahlen, die menschenfressende Echsen hervorbringen. Ob Bulgakows prophetischer Blick von 1924 bis ins heutige Russland reicht, muss für Schwartz gar nicht beantwortet werden, um das Buch als kraftvolles und böses Sci-Fi-Meisterstück wertzuschätzen. Unter dem expressiv kunstvoll gestalteten Science-Fiction-Text nämlich entdeckt der Rezensent (zusammen mit dem kongenialen Übersetzer und Nachwort-Verfasser Alexander Nitzberg) eine metaphysische, eine teuflische Komponente.",7,7,7,7
3781,"Für Andreas Dorschel demonstriert dieser sechste Band der gesammelten Werke Jean Amerys, dass man mit solchen Werkausgaben den damit gewürdigten Schriftstellern mitunter einen ""zweifelhaften Dienst"" erweist. Denn insbesondere bei Autoren, die von ihren Erzeugnissen leben mussten, ist eine ""Mehrfachverwertung"" der Texte zu erwarten, gibt der Rezensent zu bedenken. Zwar hat er vollstes Verständnis dafür, dass Amery sich in seinen philosophischen Aufsätzen ""ausgiebig wiederholt, doch räumt er ein, dass ihn die Wiederholungen in diesem Band der Werkausgabe mitunter ziemlich gelangweilt haben. Zudem findet er manchen Aufsatz, der als Zeitungsartikel, als der er ursprünglich erschienen war, durchaus seine Berechtigung hat, als philosophischen Traktat nicht überzeugend und zu sehr der Tagesaktualität verpflichtet. So mancher Text wirkt durch den ""anspruchsvolleren Rahmen"" dieser Ausgabe ""passé"", moniert Dorschel. Doch auch ""große Momente"" hat der Rezensent in diesem Buch gefunden, wie er versichert. Ihm imponiert besonders der Aufsatz von 1968, in dem Amery die""Selbstdestruktion einer dem Zeitgeist vorauseilenden gehorsamen Theologie"" aus der Position eines Atheisten analysiert und preist dessen ""unbestechliche Intelligenz"". Auch Amerys Kritik an Theodor Adornos ""Negativer Dialektik"" bleiben für den begeisterten Rezensenten ""unüberholt"".",5,6,4,6
2553,"Monika Feth erzählt in ihrem neuen Jugendroman vom langsamen Abschied des Mädchens Jana von der Sekte ""Kinder des Mondes"", in die sie zwangsweise durch ihre Mutter hineinsozialisiert wurde, berichtet Christiane Kögel. Lange hat die Sekte dem Mädchen Geborgenheit geboten, doch mit zunehmendem Alter entdeckt sie die Widersprüchlichkeiten des abgeschotteten Lebens und seiner eigenen Regeln und flieht aus dem rigorosen sozialen Gefüge. Die Autorin beschreibt die Verwirrungen des Mädchens aus mehreren Perspektiven und macht das Buch so realitätsnah und reich, lobt Kögel. Besonders gelungen findet sie den Schluss: Der sei nachdenklich und vorsichtig - passend zu den ersten Schritten Janas in der Freiheit.",6,2,6,2
2984,"Am Manierismus haben sich, wie der Rezensent Oskar Bätschmann einleitend darstellt, die Geister der Stilanalyse forschungsgeschichtlich bedeutsam geschieden. Das ""Ende der Periodisierung der Geschichte durch Stilepochen"" erwies sich an der Unmöglichkeit, den Manierismus als Stilepoche zu beschreiben. Das Augenmerk wurde statt dessen auf Widersprüche und Paradoxien gelegt. So auch bei Emil Maurer, der in mehreren Essays ""die Darstellung der menschlichen Gestalt"" ins Zentrum seiner Aufmerksamkeit stellt. Gegeneinander stehen hier, in manieristischem Widerspruch, unter anderem die ""eigenbewegte Figur"" und der Drang zur Unterordnung unter die dargestellte Handlung. Herausgearbeitet wird das in Aufsätzen zu Parmigianino, Bassano, Beccafumi und anderen. Oskar Bätschmann ist begeistert. Er lobt die ""präzise und konzentrierte Analyse von Werken"", die den Leser nie bedrängt, sondern Fragen stellt und zum ""selbständigen Sehen und Fragen"" anleitet. ""Unvergleichlich präzise und schlicht"" findet der Rezensent die Sprache Maurers. Wie Burckhardt, meint er, weckt Maurer die ""Lust am Genuss"" der Werke, die, so Bätschmann, noch heute ""überraschend, bizarr, überspannt, affektiert, phantastisch, extrem experimentell und befremdlich"" scheinen.",5,1,7,1
5646,"Ein ""stachliges"", aber unbedingt lesenswertes Stück Literatur kann Rezensentin Kerstin Holm mit Barbara Lehmanns Debütroman ""Eine Liebe in Zeiten des Krieges"" empfehlen. Die Kritikerin nimmt hier an Lehmanns reichem deutsch-russisch-tschetschenischen Erfahrungsschatz teil, folgt einer Charlottenburger Intellektuellen, die einem von moskautreuen Kadyrow-Einheiten gefangengenommenen Freund nachreist und bewundert die Kunst der Autorin, aus realen Ereignissen und Personen eine fesselnde Bildungs- und ""Läuterungsgeschichte"" zu konstruieren. Mit ihrem lyrischen, femininen und ""körperlichen"" Erzählton erinnert Lehmann an die russische Autorin Wituchnowskaja, schreibt die Rezensentin, die eine faszinierende Geschichte über innere und äußere Konflikte gelesen hat.",7,5,6,5
5130,"Hanna Engelmeier nimmt die Anstrengungen gerne auf sich, die Maren Kames der Leserin ihres Gedichtbandes zumutet beziehungsweise zugesteht. Vereinzelte Verse, Zeilen- und Seitensprünge, viel Weiß. Engelmeier empfiehlt, das Buch nicht in kleinen Dosen zu lesen, um nicht zu verpassen, wie Landschaft hier zu Sprache wird und wieder zu Landschaft. Für Engelmeier erschafft die Autorin eine besondere Art der Naturlyrik, konkret und durch die über QR-Codes einspielbaren gelesenen Takes neu, fordernd und in der Form frei. Die ausgesuchte Gestaltung macht den Band für die Rezensentin zudem zu einem Objekt.",6,6,6,6
5783,"Die (emotionalen) Defizite und Wunden, um die es in Wagners Geschichten geht, sind Gerrit Bartels' Empfinden nach so übermächtig, dass sie gar nicht kommunizierbar sind, sondern ""nur in Andeutungen und Nebensätzen bemerkbar"" werden. Statt dessen wird extrem viel über Alltägliches geredet. Wagners Protagonisten fällt es nach Bartels Meinung schwer, zwischen emotionalen Bedürfnissen und der Einkaufsliste, die abgearbeitet werden will, zu unterscheiden. Wie der Autor diese Zustände beschreibt, hat nach Bartels Meinung allerdings etwas sehr ""Kalkuliertes und Kühles"". Diese Erzählstrategie erlaubt es ihm, ""die unspektakuläre, von den Dingen bestimmte Gegenwart, mit den Deformationen aus der Vergangenheit zu verknäulen"", beobachtet Bartels, und am Ende jeder noch so erfolgreich scheinenden Biografie steht ein ""nicht mehr als ein resignierendes Immer-weiter-so"".",3,6,4,6
4582,"Für ein literarisch so überaus ambitioniertes Buch, lobt Rezensent Jens-Christian Rabe, sei die Roman ziemlich spannend. Allerdings müsse der Leser erst einmal die Anfangshürde nehmen und bei dem zunächst ""manieriert"" wirkenden Tonfall nicht gleich die Geduld verlieren. Claudia Schattach erzähle eine ""klassische"" amour fou zwischen Sekretärin und Chef ganz unklassisch aus ständig wechselnden Perspektiven einschließlich der Außenperspektive. Und manchmal geschehe dies sogar mitten im Satz, beispielsweise, wenn es um den ersten Kuss gehe oder all die folgenden ""psychischen Untiefen"" der beiden Akteure. So ""vertrackt trist"" es hier zugehe, so gnadenlos packend sei diese Art von Liebesgeschichte geschrieben. Selbst einige weniger gelungene Metaphern, so der Rezensent, halten nicht davon ab, unbedingt bis zum Ende zu lesen.",6,6,6,6
2641,"Die Protagonistin in diesem Roman, den der Frontmann der Band Erdmöbel Markus Berges geschrieben hat, ist 19, heißt Betti, reist nach Paris und dann nach Monaco. Nach Paris einer Brieffreundin wegen, die anders heißt als behauptet und sich als sehr anders auch herausstellt, als Betti sie sich vorgestellt hat. Schnaubend macht sich Betti, die sie nun nur noch ""die Fette? nennt, auf und davon und erlebt mancherlei Abenteuer, die man genremäßig, so Oliver Jungen, dem magischen Realismus zuschlagen kann. Mal findet der Rezensent das einigermaßen reizend, anderes ist für seine Begriffe mit dem Wort ""Kitsch? doch besser beschrieben. Insgesamt mag er das Buch aber, weil Berges immer wieder hübsch ""dahingeerdmöbelte Bilder? finde und der Ton insgesamt ""angenehm? ist.",5,6,5,6
3884,"Brandt hole mit seiner ""ebenso lehrreichen wie gut geschriebenen"" Studie über ""Arkadien in Kunst, Philosophie und Dichtung"" die seit Schlegel und Schiller als naiv betrachtete arkadische Ideallandschaft heim in den Kreis der sehr wohl reflektierten, vom Bewusstsein des Todes längst angekränkelten, sentimentalischen Epochen, meint Thomas Steinfeld. Und das tue er ""präzis, mit einem feinen Gehör für Brechungen, sich überlagernde Stimmen, Reden und Gegenreden"". Die Parteinahme für die Arkadien münden für Steinfeld gar in einer ""Apologie der intellektuellen Antike"". Nachgezeichnet wird die Geschichte der Darstellung Arkadiens von Platon über Vergils bukolische Dichtungen bis zu Poussin und Goethes Italiensehnsucht.",6,6,7,6
4852,"Martin Walsers neuer Roman erscheint dem Rezensenten Roman Bucheli wie eine ""nie endende Kontaktanzeige"", denn der Ich-Erzähler offenbare in seinem Blog von Anfang an alles über sich, auch die unangenehmsten Wahrheiten -  ob er nun mit Trump sympathisiert oder sich permanent von ""Weibsattacken"" tyrannisiert fühlt. Der Rezensent warnt davor, den Köder zu schlucken, den Walser damit seiner Meinung nach auslegt: Weder sei Mall so platt, wie er sich in dem Blog präsentiere, noch könne man ihn mit Walser gleichsetzen. Wer dies tue, erliege ""lediglich den eigenen reflexhaften Vorurteilen"". Der Roman stellt in den Augen Buchelis damit zwar virtuos die Frage nach den Charakteren der Figur und des Autors, einen Erkenntnisgewinn hat er dem Rezensenten darüber hinaus aber nicht beschert.",3,6,4,6
90,"Sich der globalen Verantwortung stellen, statt Urban Gardening zu betreiben - das ist doch mal ein Vorschlag, freut sich Manuela Lenzen, die das Buch des Technikhistorikers Andreas Möller als Ratschlag liest, wie wir die haarsträubenden Inkonsistenzen unserer Naturbegeisterung in den Griff kriegen. Wenn der Autor Kraftwerksbetreiber, Biohändler, Simmel und Karl den Käfer befragt und feststellt, dass eine Wohlfühlnatur weniger mit der Realität zu tun hat als mit Lifestyle, und dass ohne Hightech mal gleich gar nichts mehr geht und unsere Lebensqualität ganz schnell sinken würde, hört Lenzen zwar mitunter eine allzu wohlfeile Nivellierung der Ökobewegung heraus. Wichtiger jedoch erscheint ihr, was Möller außerdem konstatiert: Der Einfluss des Menschen auf die Natur wird leicht überschätzt im Guten wie auch im Schlechten.",5,7,6,7
2014,"Rezensent Hans-Peter Kunisch ist von diesem Debütroman der 1968 geborenen Jo Lendle ziemlich begeistert, obwohl er anfänglich noch fürchtete ""Objekt eines Textplans"" zu werden. Im ersten, umfangreichen Kapitel stellt uns die Autorin nämlich eine Protagonistin vor, Hella, die in ihrer Rätselhaftigkeit und Geschichtslosigkeit etwas geradezu Mythisches hat und in eine seltsam zeitferne, geradewegs aus den 1970er Jahren stammende Romanwelt zu führen scheint, erzählt der Rezensent. Dann jedoch wird die Geschichte Hellas nachgereicht, ihr Kleinstadtleben, eine Abtreibung und schließlich der Verlust ihres 13-jährigen Sohns, für den sie einen im Preisausschreiben gewonnenen ""Weltraumflug"" antreten wird, lesen wir. Kunisch preist die Konzentration der Sprache, mit der die Autorin eine geradezu ""magische Atmosphäre"" erziele, mit der sie dieser am Ende ins All fliegenden Heldin sehr überzeugend gerecht werde.",6,7,6,7
5449,"Christian Jostmann schränkt zwar ein, dass Malte Prietzels Buch über Kriegsführung im Mittelalter ein wenig eindimensional geraten sei. Beispielsweise werde völlig ausgeblendet, was die Kriege für die normale Bevölkerung bedeuteten, obwohl der Klappentext anderes verspreche. Doch in dem, was das Buch leistet, ist es in den Augen des Rezensenten durchaus gelungen: Es gibt eine durchaus ""instruktive Einführung in die mittelalterliche Wehrkunde und Kriegskunst, ihre gesellschaftlichen Bedingungen und Auswirkungen"". So hat Jostmann in dem Buch etwa erfahren, wie zum Beispiel der Hundertjährige Krieg zwischen England und Frankreich mit der Entstehung moderner ""effizienter"" Staaten zusammenhängt. Doch eine weitergehende Bewertung findet zum Bedauern des Rezensenten nicht statt. Beispielsweise erscheint der Krieg als solcher - es geht ausschließlich um Kriege auf dem Landweg, nicht um Seekriege - ""als Gegenstand rationalen Handelns"".",5,4,4,4
4912,"Die Gemeinsamkeiten der beiden Handlungsstränge in diesem Roman von Guy Helminger findet Andrea Diener schnell heraus. Und schnell merkt sie auch, worum es dem Autor zu tun ist: Nicht um die kleinen Bewegungen geht es ihm, sondern um Makrostrukturen, um das allgemein menschliche Verlangen nach einem besseren Leben und wie sich die Figuren als Flüchtlinge oder hoffnungsvolle Auswanderer über die Landkarte Europas bewegen. Dass Helminger die beiden Teile seiner Erzählung dabei sehr ungleich behandelt, im historischen Rückblick auf die ""Neubrasilianer"" sehr liebevoll und genau, im Blick auf die Gegenwart in Helmingers Heimatstadt Luxemburg eher beiläufig und wenig differenziert, sieht Diener zwar kritisch, ebensogut kann sie es aber ausblenden ""wie der Autor selbst"".",6,2,4,2
1762,"Begeistert ist Rezensent Dieter Langewiesche mit Hilfe dieses Reprints ""aller Ausgaben der Deutschen Tribüne, die je erschienen sind"" noch einmal in die ""heroische Zeit des deutschen Journalismus"" im deutschen Vormärz eingetaucht. Denn was die Journalisten damals taten, sei gefährlich gewesen, also ""zu informieren, zu kommentieren"" oder ""Reformen zu verlangen"". Wertvoll findet der Rezensent aber auch den dritten Band der Edition, in dem er nicht nur die von der Zensur unterdrückten Artikel der Zeitschrift fand, sondern auch Beispiele, wie woanders auf das Blatt reagiert, wie es gegründet, finanziert und vertrieben worden ist. So entsteht für den Rezensenten ein höchst komplexes Bild der europäischen Politik aus der demokratisch-liberalen Reformperspektive dieser Epoche.",6,6,7,6
4784,"An Sandra Hoffmanns schriftstellerischem Potenzial zweifelt Rezensentin Sibylle Birrer nicht. Der neue Roman, in dem die Autorin das Erwachsenwerden eines jungen Mädchens schildert und der in die Geschichte einer Magersucht mündet, hat sie dennoch nicht überzeugt. Zwar greife die Autorin damit eine ""literarisch kaum behandelte Erkrankung an der Gegenwart"" auf, doch sie liefere ""im Subtext"" ihre persönlichen Begründungen für die ""Irrationalität"" des magersüchtigen Verhaltens mit, ohne diese jedoch ""schlüssig"" zu erklären. Auch das Ende ist für den Geschmack der Kritikerin etwas zu ""diffus"" und treibt sie zu der Annahme, dass Hoffmanns Mut zur ""radikalen Imagination"" parallel zur ""Körperhaftigkeit"" ihrer Protagonistin ""schwindet"". Ein Buch, das ""zuweilen kunstvoll poetisch"" daherkommt, die eigentlichen Fähigkeiten der Autorin jedoch nicht annähernd ausdrückt.",3,7,3,7
5179,"Martin Zingg hält durch bei diesem von Fritz Rudolf Fries raffiniert inszenierten Reigen vieler Figuren und Schauplätze und Referenzen und Folien (DDR, Jazz, die Romane Roberto Bolaños, der magische Realismus, und, und, und) und wird belohnt. Auch wenn, nein, gerade weil die Geschichte über zwei konkurrierende alternde Drehbuchautoren beileibe nicht immer geradlinig abläuft, der Autor Reales, Erinnertes und Geträumtes vermischt und das alles ironisch, aber auch präzise fasst, scheint Zingg hier ein bemerkenswert vielseitiger und ungewöhnlicher Autor am Werk zu sein.",5,7,6,7
3140,"Kristina Maidt-Zinke findet es nur konsequent, dass ""das nekrophilste aller literarischen Genres"", der Krimi, früher oder später auch die Toten selbst zu Wort kommen lässt, wo ließe sich schließlich freimütiger über das Leben nach dem Tod spekulieren als im Roman, fragt die Rezensentin. Gert Heidenreich hat das Experiment in ""Der Fall"" gewagt, berichtet Maidt-Zinke: gleich zu Beginn des neuen und letzten Bandes seiner Serie um den Ex-Kommissar Alexander Swoboda lässt er seinen Protagonisten ins Gras beißen, verrät die Rezensentin. Swoboda landet in einer fremden Sphäre, für deren Ausgestaltung Heidenreich sich gekonnt im reichen Fundus literaturgeschichtlicher Jenseitsvorstellungen bedient, so Maidt-Zinke. Dass die eigentliche Kriminalgeschichte eher als Alibi einsteht, um über den Untod zu sinnieren, nimmt die Rezensentin Heidenreich dann gar nicht mehr übel.",5,5,6,5
2329,"Hans-Martin Lohmann ist hocherfreut, dass mit Franz Maciejewskis Untersuchung Feuer in die ""kalte Theorie"" der Begründung des Monotheismus durch den dem ägyptischen Pharao Echnaton zugeschriebenen ""Großen Sonnenhymnus"" kommt. Ist man sich darüber nämlich in der Forschung insgesamt ziemlich einig, lässt der Heidelberger Privatgelehrte Zweifel verlautbaren, ob dieser ""Grundtext der Amarnareligion"" überhaupt von Echnatons selbst stammt. Zudem macht der Heidelberger Privatgelehrte machtpolitische Beweggründe für die ""Sonnentheologie mit Ausschließlichkeitsanspruch"" aus, womit die Stiftung der Atonreligion als ""Mittel zum Zweck"" plausibel wird, so der Rezensent gefesselt. Größtes Lob lässt Lohmann dem Autor dafür zuteil werden, dass er mit seiner Studie eine scheinbar abgeschlossene Debatte neu entfacht hat.",7,6,6,6
3316,"Als Verwandlung eines Roman-Klassikers in ein akustisches Groschenheft bezeichnet Felicitas von Lovenberg diese Hörspielbearbeitung von Jane Austens ""Stolz und Vorurteil"" von 1959 recht verächtlich. Die unfreiwillige Komik, meint die Rezensentin, ist noch das Beste in der von Hufgetrappel, hysterischem Geheule, Bällen und Liebesschwüren dominierten Fassung. Schlimm findet sie die Zusammenstreichung von subtilen Charakterzeichnungen, die stimmliche Fehlbesetzung der Heldin und die Hast der Inszenierung. Eine Neuauflage aus dem Archiv des Hessischen Rundfunks, die der Rezensentin ganz und gar nicht einleuchten will.",1,6,1,6
1701,"Niklaus Peter attestiert Pannenberg mit dieser Aufsatzsammlung zunächst einmal einen souveränen Umgang mit historischem Material und die Fähigkeit, ""grosse Linien in einem unübersichtlichen Gelände zu ziehen"". Allerdings äußert sich Peter skeptisch, ob Pannenberg die erstrebte ""Revision der Marginalisierung der Religion"" gelingen wird. Er kritisiert vor allem, dass Pannenbergs Theologie keine Ambivalenzen und Skepsis kenne und zu sehr von sich überzeugt scheint. Pannenberg betone auch zu sehr die ""Verdrängung"" der Religion in den Bereichen Kultur, Gesellschaftssystem und Politik. Pannenbergs Kritik an theologischen Vereinfachungen und Missverständnissen stimmt Peter dagegen zu.",3,6,4,6
2796,"Als eine Art ""poetische Geschichtsschreibung"" der fünfziger Jahre hat Rezensentin Beatrice von Matt den Roman von Gerlind Reinshagen gelesen, die damit an ihr Lebensthema, der Aufarbeitung der Trümmerjahre, anknüpfe. Erzählt werden aus der Sicht der halb erblindeten Aneta die Biografien einer Generation von Überlebenden, die trotz erfolgreicher Lebensläufe die prägenden Erlebnisse ihrer Jugend nicht verarbeiten können und am Ende scheitern. Als eine ""Gegenstimme zu den Historikern"" des Wirtschaftswunders konzentriere sich die Erzählerin in einer Art ""Trümmersprache"" objektiv und aus der Distanz nur auf Beschreibungen der Einzelschicksale, so die Rezensentin.",6,6,6,6
5002,"Drei Bücher bleiben, resümiert Karl-Markus Gauß das zu Ende gegangene Adalbert-Stifter-Jahr, auch wenn er sie unterschiedlich beurteilt. Peter Becher stellt uns Gauß als den Vorsitzenden der Münchner Adalbert-Stifter-Gesellschaft vor, die einst von sudetendeutschen Vertreibenen gegründet wurde und sich unter Bechers Ägide zu einem Forum der deutsch-tschechischen Verständigung zu entwickeln begann. So lese Becher seinen Stifter denn auch als Vorboten einer ""österreichisch-bayrisch-tschechischen Grenzkultur"", was Gauß durhaus glaubwürdig findet. Manchmal erscheint ihm diese Biografie ein wenig didaktisch, doch sieht er vor allem ihre Vorzüge darin, dass sie sich im Gegensatz zu den anderen Neuerscheinungen nicht auf ein einziges Werk oder einen Lebensabschnitt begrenzt, sondern auf Stifters gesamtes Schaffen.",4,6,6,6
1325,"Von einem staatlich bestallten Professor hätte sich Volker Stahr weniger Einseitigkeit gewünscht. Bassam Tibi stelle sich ""klar"" gegen einen Beitritt  der Türkei. Allerdings verwende er dabei nur die Fakten, die ""in die Argumentation passen"", die anderen, kritisiert Stahr, werden gar nicht beachtet. Zwar müsse man Tibi zugestehen, dass er im Gegensatz etwa zu Hans-Peter Raddatz (""Die türkische Gefahr?"") immer sachlich bleibt und sogar ""einzelne Gegenpositionen"" erwähnt. Wenn Tibi aber in einem ""kühnen Bogen"" von einer von der türkischen Regierung verfolgten Islamisierung Europas spricht, mag der Rezensent nicht mehr folgen, vor allem weil Tibi diese Behauptung ""nirgends schlüssig begründet"".",3,7,2,7
3078,"Rezensent Hans Peter Kunisch ächzt zwar ein wenig angesichts der Länge dieses Romans, dennoch bereut er keine Seite der Lektüre. Der Geschichte um einen 99jährigen Deutschen namens Winterberg und seinen tschechischen Pfleger und Sterbebegleiter, die auf einer langen ""komisch-unheimlichen"" Zugfahrt in die deutsch-tschechische Vergangenheit eintauchen, merkt der Kritiker die Leidenschaft des tschechischen Germanisten und Autors an. Wie Rudis seinen Alten mit ""makabrem Unterton"" von k.u.k-Erinnerungen, Feuerhallen und Verbrennungsöfen erzählen lässt, findet Kunisch eindringlich und doppelbödig. Über die Geschichte des Pflegers, der andeutet, 1972 mit einer Gruppe junger Tschechen ein tschechisches Flugzeug gekapert zu haben, um nach dem russischen Einmarsch aus der Tschechoslowakei zu fliehen, hätte der Kritiker allerdings gern mehr erfahren.",5,6,6,6
3184,"Helmut Krausser hat mit ""Eros"" auch ein ""Sittenbild der alten Bundesrepublik"" geschrieben, erklärt Rezensent Rainer Moritz, doch sein eigentliches erzählerisches Anliegen ist individuell: die Geschichte einer lebenslang unglücklichen Liebe zwischen einem finanzkräftigen Industriellen und einer sich ihm bis zuletzt widersetzenden Frau. Den Rezensenten hat Krausser allerdings nicht überzeugen können: Der Roman mache einen durch und durch überkonstruierten Eindruck und ähnele einem Baukasten ""voller Kolportageelemente und voller historischer Füllsel, deren mitunter hölzerne Darbietung sich nicht als Figurenrede entschuldigen lässt"". Die Aufgabe des Ich-Erzählers, das Leben des Industriellen sinnfällig aufs Papier zu bringen, scheitere an der nicht zu bewältigenden Komplexität des Lebens und so scheitere auch Kraussers ""Eros"" und drifte ab ins Unglaubwürdige.",3,6,2,6
5561,"Ein Mann ohne Namen: der Ich-Erzähler. Zwei Frauen: eine liebt er, eine liebt ihn. Ein Konkurrent: er trägt als einziger einen Namen, Robert. ""Böse Spiele"" ist ein Geschlechterkampfroman, in dem allerdings die Frontlinien höchst unklar verlaufen. Der Held will, so die Rezensentin Meike Fessmann, kein ""Softie"" sein und an der Oberfläche des Buches geht es durchaus heftig zur Sache. Innen aber ist das Buch, findet Fessmann, ""hochsensibel"" und der Gegenwartsrealismus ist auf durchaus kühne Weise angereichert mit mythischen Stücken von hier und von da. Was genau sie davon hält, weiß Fessmann nicht zu sagen - aber ""fasziniert und befremdet"" ist sie allemal.",5,6,5,6
4658,"In dieser Ausgabe von Georg Forsters schon mehrfach aufgelegter ""Reise um die Welt"" kommt, freut sich der Rezensent Kilian Trotier, endlich zusammen, was zusammengehört. Der Text nämlich, den man kannte, und die Bilder, die man nun erstmals sieht. Der Text berichtet von der großen Expedition des James Cook in den Jahren 1772 bis 1775, an der auch Georg Forster teilnahm, in erster Linie sogar als Zeichner, der die Entdeckungen und Funde von Flora und Fauna ins Bild setzte. An den Bildern hatte er eben darum aber keine Rechte. Die ""zeichnerische Begabung"" des Autors ist, so Trotier, unverkennbar und darum sind die mehr als 80 großformatigen Abbildungen des Bandes auch ein echter Gewinn. Erst mit ihnen werde das Buch zum eindrucksvollen ""Gesamtkunstwerk"".",7,6,7,6
3092,"Jazz als Lebenseinstellung lernt Josef Engels kennen mit dem Band des Fotografen und Jazz-Liebhabers Arne Reimer. Dass sich mit Jazz wenig Geld verdienen lässt, wird ihm auch deutlich auf den Bildern von greisen Musikern inmitten von Sperrmüllmobiliar und zwischen Sauerstoffgeräten und Sandwiches vom Pflegedienst. Wundervoll findet Engels das Buch dennoch. Schon, weil es mit den Klischees der Jazzfotografie aufräumt und ungeschönte Bilder liefert. Aber auch, weil die Fotos und Gespräche deutlich machen, wie viel Lust an der Musik die Porträtierten noch immer antreibt, ob Ornette Coleman, Charli Persip oder Eddie Henderson.",6,3,6,3
1733,"Der Ich-Erzähler in Bernd Cailloux' neuestem Roman macht vor, wie man die eigenen Erinnerungen lehrreich und zugleich witzig an den Mann beziehungsweise die nachfolgende Generation bringt, lobt Rezensent Tilman Krause. Auf dem Weg zu seinem bereits erwachsenen Sohn, der in New York lebt und mit dem Vater nie zuvor Kontakt hatte, reflektiert der Berliner Protagonist, wie es zu dieser Situation kommen konnte, so Krause. Wie das Zusammentreffen letztlich ausgeht, will der Kritiker nicht verraten, aber er verspricht eine hervorragend gelungene Pointe. Bis dahin kann man aus diesem Buch eines hedonistischen 68er-Revoluzzers lernen, wie man auf fröhliche Weise die ""Eitelkeiten von heute"" durch den Kakao zieht, schließt er.",6,6,6,6
3358,"Mit großem Vergnügen hat Rezensent Burkhard Müller diesen Roman von Wolfgang Rüb gelesen. Er lobt ""Wohnquartett mit Querflöte"" als höchst ""originelles Buch"", das sich zugleich durch ""raffinierte Einfalt"" auszeichnet. Im Mittelpunkt sieht er die ungewöhnliche Freundschaft zwischen einem erfolgreichen West-Pärchen, das einem arbeitslosen Ost-Paar die Jugendstil-Villa abkauft. Er bescheinigt dem Autor nicht nur zahlreiche amüsante Ideen und Beobachtungen, sondern auch einen ""hellen soziologischen Blick"", mit dem die immer noch bestehenden Differenzen zwischen ost- und westdeutscher Gesellschaft betrachtet werden. Allenfalls die Vorliebe für Kalauer und Slapstick hat er zu monieren. Ansonsten aber scheint Müller rundum glücklich mit diesem Buch.",7,4,6,4
